"token"	"begin"	"end"	"barePlural"	"countability"	"depRel0"	"depRel1"	"depRel2"	"depRel3"	"depRel4"	"determinerType"	"mentionLemma"	"mentionPos"	"nounType"	"number"	"person"	"sense0"	"sense1"	"sense2"	"sense3"	"senseTop"	"wnGranularity"	"wnLexicalFilename"
"Hong Kong and Its People 

Exciting"	"0"	"35"	"false"	"none"	"nsubj"					"none"	"kong"	"NNP"	"proper"	"sg"	"3"							
"Hong Kong"	"0"	"9"	"false"	"none"	"nsubj"					"none"	"kong"	"NNP"	"proper"	"sg"	"3"							
"Its People 

Exciting"	"14"	"35"	"false"	"none"	"conj_and"	"nsubj"				"def"	"excite"	"NN"	"common"	"sg"	"3"							
"mysterious, glamorous — these words"	"37"	"72"	"true"	"Y"	"nsubj"					"none"	"word"	"NNS"	"common"	"pl"	"3"	"06286395-N"	"06284225-N"	"13809207-N"	"00031921-N"	"00001740-N"	"5"	"noun.communication"
"Hong Kong"	"88"	"97"	"false"	"none"	"dobj"					"none"	"kong"	"NNP"	"proper"	"sg"	"3"							
"at least a century"	"102"	"120"	"false"	"Y"	"prep_for"					"indef"	"century"	"NN"	"common"	"sg"	"3"	"15205532-N"	"15113229-N"	"13575869-N"	"00033615-N"	"00001740-N"	"5"	"noun.time"
"its vibrant atmosphere and night-and-day activity"	"127"	"176"	"false"	"Y"	"prep_with"					"def"	"atmosphere"	"NN"	"common"	"sg"	"3"	"14524849-N"	"13920835-N"	"00024720-N"	"00024264-N"	"00001740-N"	"5"	"noun.state"
"its vibrant atmosphere"	"127"	"149"	"false"	"Y"	"prep_with"					"def"	"atmosphere"	"NN"	"common"	"sg"	"3"	"14524849-N"	"13920835-N"	"00024720-N"	"00024264-N"	"00001740-N"	"5"	"noun.state"
"night-and-day activity"	"154"	"176"	"false"	"Y"	"conj_and"	"prep_with"				"none"	"activity"	"NN"	"common"	"sg"	"3"	"00407535-N"	"00030358-N"	"00029378-N"	"00023100-N"	"00001740-N"	"5"	"noun.act"
"it"	"177"	"179"	"false"	"NO-NOUN"	"nsubj"					"none"	"it"	"PRP"	"pronoun"	"sg"	"3"							
"an intoxicating place"	"183"	"204"	"false"	"Y"						"indef"	"place"	"NN"	"common"	"sg"	"3"	"08664443-N"	"08620061-N"	"00027167-N"	"00002684-N"	"00001740-N"	"5"	"noun.location"
"Hong Kong"	"206"	"215"	"false"	"none"	"nsubj"					"none"	"kong"	"NNP"	"proper"	"sg"	"3"							
"it"	"229"	"231"	"false"	"NO-NOUN"	"nsubj"	"ccomp"				"none"	"it"	"PRP"	"pronoun"	"sg"	"3"							
"one of the world’s greatest population densities"	"236"	"284"	"false"	"NO-NOUN"	"dobj"	"ccomp"				"none"	"one"	"CD"	"unknown"	"sg"	"3"							
"one"	"236"	"239"	"false"	"NO-NOUN"	"dobj"	"ccomp"				"none"	"one"	"CD"	"unknown"	"sg"	"3"							
"the world’s greatest population densities"	"243"	"284"	"false"	"Y"	"prep_of"	"dobj"	"ccomp"			"none"	"density"	"NNS"	"common"	"pl"	"3"	"04941453-N"	"04941325-N"	"04941124-N"	"04934546-N"	"00001740-N"	"7"	"noun.attribute"
"the world’s"	"243"	"254"	"false"	"Y"	"poss"	"prep_of"	"dobj"	"ccomp"		"def"	"world"	"NN"	"common"	"sg"	"3"	"09466280-N"	"00019128-N"	"00003553-N"	"00002684-N"	"00001740-N"	"5"	"noun.object"
"it"	"290"	"292"	"false"	"NO-NOUN"	"nsubj"	"conj_and"	"conj_and"	"conj_and"	"conj_and"	"none"	"it"	"PRP"	"pronoun"	"sg"	"3"							
"one of the best transportation systems"	"317"	"355"	"false"	"NO-NOUN"	"prep_with"	"conj_and"	"conj_and"	"conj_and"	"conj_and"	"none"	"one"	"CD"	"unknown"	"sg"	"3"							
"one"	"317"	"320"	"false"	"NO-NOUN"	"prep_with"	"conj_and"	"conj_and"	"conj_and"	"conj_and"	"none"	"one"	"CD"	"unknown"	"sg"	"3"							
"the best transportation systems"	"324"	"355"	"false"	"Y"	"prep_of"	"prep_with"	"conj_and"	"conj_and"	"conj_and"	"def"	"system"	"NNS"	"common"	"pl"	"3"	"04377057-N"	"03575240-N"	"00021939-N"	"00003553-N"	"00001740-N"	"6"	"noun.artifact"
"such a crowded place"	"374"	"394"	"false"	"Y"	"prep_for"	"conj_and"	"conj_and"	"conj_and"	"conj_and"	"indef"	"place"	"NN"	"common"	"sg"	"3"	"08664443-N"	"08620061-N"	"00027167-N"	"00002684-N"	"00001740-N"	"5"	"noun.location"
"quiet — you don’t hear voices raised in anger, motorists sitting on their horns, or loud boomboxes"	"396"	"494"	"true"	"none"	"dep"	"conj_and"	"conj_and"	"conj_and"	"conj_and"	"none"	"—"	"NNS"	"common"	"pl"	"3"							
"quiet —"	"396"	"403"	"true"	"none"	"dep"	"conj_and"	"conj_and"	"conj_and"	"conj_and"	"none"	"—"	"NNS"	"common"	"pl"	"3"							
"you"	"404"	"407"	"false"	"NO-NOUN"	"nsubj"	"rcmod"	"dep"	"conj_and"	"conj_and"	"none"	"you"	"PRP"	"pronoun"	"unknown"	"2"							
"voices raised in anger, motorists sitting on their horns, or loud boomboxes"	"419"	"494"	"true"	"Y"	"dobj"	"rcmod"	"dep"	"conj_and"	"conj_and"	"none"	"voice"	"NNS"	"common"	"pl"	"3"	"04981941-N"	"04981139-N"	"04983122-N"	"04916342-N"	"00001740-N"	"6"	"noun.attribute"
"voices"	"419"	"425"	"true"	"Y"	"dobj"	"rcmod"	"dep"	"conj_and"	"conj_and"	"none"	"voice"	"NNS"	"common"	"pl"	"3"	"04981941-N"	"04981139-N"	"04983122-N"	"04916342-N"	"00001740-N"	"6"	"noun.attribute"
"anger, motorists sitting on their horns, or loud boomboxes"	"436"	"494"	"false"	"N"	"prep_in"	"vmod"	"dobj"	"rcmod"	"dep"	"none"	"anger"	"NN"	"common"	"sg"	"3"	"07516354-N"	"07480068-N"	"00026192-N"	"00024720-N"	"00001740-N"	"6"	"noun.feeling"
"anger"	"436"	"441"	"false"	"N"	"prep_in"	"vmod"	"dobj"	"rcmod"	"dep"	"none"	"anger"	"NN"	"common"	"sg"	"3"	"07516354-N"	"07480068-N"	"00026192-N"	"00024720-N"	"00001740-N"	"6"	"noun.feeling"
"motorists sitting on their horns"	"443"	"475"	"true"	"Y"	"conj_or"	"prep_in"	"vmod"	"dobj"	"rcmod"	"none"	"motorist"	"NNS"	"common"	"pl"	"3"	"10334101-N"	"10034906-N"	"10378412-N"	"00007347-N"	"00001740-N"	"5"	"noun.person"
"motorists"	"443"	"452"	"true"	"Y"	"conj_or"	"prep_in"	"vmod"	"dobj"	"rcmod"	"none"	"motorist"	"NNS"	"common"	"pl"	"3"	"10334101-N"	"10034906-N"	"10378412-N"	"00007347-N"	"00001740-N"	"5"	"noun.person"
"their horns"	"464"	"475"	"false"	"Y"	"prep_on"	"vmod"	"conj_or"	"prep_in"	"vmod"	"def"	"horn"	"NNS"	"common"	"pl"	"3"	"03537085-N"	"03827536-N"	"03183080-N"	"03575240-N"	"00001740-N"	"8"	"noun.artifact"
"loud boomboxes"	"480"	"494"	"true"	"none"	"conj_or"	"prep_in"	"vmod"	"dobj"	"rcmod"	"none"	"boombox"	"NNS"	"common"	"pl"	"3"							
"Shopping"	"496"	"504"	"false"	"Y"	"nsubj"					"none"	"shop"	"NNP"	"proper"	"sg"	"3"	"04202417-N"	"03748162-N"	"03953020-N"	"03297735-N"	"00001740-N"	"9"	"noun.artifact"
"there"	"518"	"523"			"expl"	"ccomp"	"acomp"															
"another inviting spot"	"533"	"554"	"false"	"Y"	"nsubj"	"ccomp"	"acomp"			"indef"	"spot"	"NN"	"common"	"sg"	"3"	"08664443-N"	"08620061-N"	"00027167-N"	"00002684-N"	"00001740-N"	"5"	"noun.location"
"the street"	"565"	"575"	"false"	"Y"	"pobj"	"advmod"	"ccomp"	"acomp"		"def"	"street"	"NN"	"common"	"sg"	"3"	"04334599-N"	"04426618-N"	"04096066-N"	"04564698-N"	"00001740-N"	"8"	"noun.artifact"
"You"	"577"	"580"	"false"	"NO-NOUN"	"nsubj"					"none"	"you"	"PRP"	"pronoun"	"unknown"	"2"							
"Hong Kong easy to get around, the people helpful, English spoken everywhere, and food that lives up to its reputation"	"589"	"706"	"false"	"none"	"dobj"					"none"	"kong"	"NNP"	"proper"	"sg"	"3"							
"Hong Kong easy to get around"	"589"	"617"	"false"	"none"	"dobj"					"none"	"kong"	"NNP"	"proper"	"sg"	"3"							
"Hong Kong"	"589"	"598"	"false"	"none"	"dobj"					"none"	"kong"	"NNP"	"proper"	"sg"	"3"							
"the people helpful, English spoken everywhere"	"619"	"664"	"false"	"Y"	"conj_and"	"dobj"				"def"	"people"	"NNS"	"common"	"pl"	"3"	"07942152-N"	"00031264-N"	"00002137-N"		"00001740-N"	"3"	"noun.group"
"the people helpful, English"	"619"	"646"	"false"	"Y"	"conj_and"	"dobj"				"def"	"people"	"NNS"	"common"	"pl"	"3"	"07942152-N"	"00031264-N"	"00002137-N"		"00001740-N"	"3"	"noun.group"
"the people"	"619"	"629"	"false"	"Y"	"conj_and"	"dobj"				"def"	"people"	"NNS"	"common"	"pl"	"3"	"07942152-N"	"00031264-N"	"00002137-N"		"00001740-N"	"3"	"noun.group"
"food that lives up to its reputation"	"670"	"706"			"rcmod"	"conj_and"	"dobj"									"02649830-V"				"02655135-V"	"1"	"verb.stative"
"food"	"670"	"674"	"false"	"Y"	"conj_and"	"dobj"				"none"	"food"	"NN"	"common"	"sg"	"3"	"00021265-N"	"00020090-N"	"00020827-N"	"00001930-N"	"00001740-N"	"4"	"noun.Tops"
"its reputation"	"692"	"706"	"false"	"Y"	"prep_to"	"rcmod"	"conj_and"	"dobj"		"def"	"reputation"	"NN"	"common"	"sg"	"3"	"14438125-N"	"14436875-N"	"13948136-N"	"13945919-N"	"00001740-N"	"7"	"noun.state"
"1"	"711"	"712"	"false"	"NO-NOUN"	"prep_on"					"none"	"1"	"CD"	"unknown"	"unknown"	"3"							
"July"	"713"	"717"	"false"	"none"	"tmod"					"none"	"july"	"NNP"	"proper"	"sg"	"3"	"15212167-N"	"15209706-N"	"15209413-N"	"15113229-N"	"00001740-N"	"7"	"noun.time"
"1997 the British Crown Colony of Hong Kong"	"719"	"761"	"false"	"NO-NOUN"	"nsubj"					"none"	"1997"	"CD"	"unknown"	"unknown"	"3"							
"1997"	"719"	"723"	"false"	"NO-NOUN"	"nsubj"					"none"	"1997"	"CD"	"unknown"	"unknown"	"3"							
"the British Crown Colony of Hong Kong"	"724"	"761"	"false"	"Y"	"dep"	"nsubj"				"def"	"colony"	"NN"	"common"	"sg"	"3"	"08374049-N"	"07965085-N"	"07950920-N"	"00031264-N"	"00001740-N"	"5"	"noun.group"
"the British Crown Colony"	"724"	"748"	"false"	"Y"	"dep"	"nsubj"				"def"	"colony"	"NN"	"common"	"sg"	"3"	"08374049-N"	"07965085-N"	"07950920-N"	"00031264-N"	"00001740-N"	"5"	"noun.group"
"Hong Kong"	"752"	"761"	"false"	"none"	"prep_of"	"dep"	"nsubj"			"none"	"kong"	"NNP"	"proper"	"sg"	"3"							
"Chinese sovereignty"	"774"	"793"	"false"	"N"	"prep_to"					"none"	"sovereignty"	"NN"	"common"	"sg"	"3"	"13992935-N"	"13992738-N"	"13992514-N"	"13994148-N"	"00001740-N"	"8"	"noun.state"
"a Special Administrative Region of the People’s Republic of China"	"797"	"862"	"false"	"Y"	"prep_as"					"indef"	"region"	"NNP"	"proper"	"sg"	"3"	"08630039-N"	"00027167-N"	"00002684-N"	"00001930-N"	"00001740-N"	"4"	"noun.location"
"a Special Administrative Region"	"797"	"828"	"false"	"Y"	"prep_as"					"indef"	"region"	"NNP"	"proper"	"sg"	"3"	"08630039-N"	"00027167-N"	"00002684-N"	"00001930-N"	"00001740-N"	"4"	"noun.location"
"the People’s Republic of China"	"832"	"862"	"false"	"Y"	"prep_of"	"prep_as"				"none"	"republic"	"NNP"	"proper"	"sg"	"3"	"08361329-N"	"08367880-N"	"07950920-N"	"00031264-N"	"00001740-N"	"5"	"noun.group"
"the People’s Republic"	"832"	"853"	"false"	"Y"	"prep_of"	"prep_as"				"none"	"republic"	"NNP"	"proper"	"sg"	"3"	"08361329-N"	"08367880-N"	"07950920-N"	"00031264-N"	"00001740-N"	"5"	"noun.group"
"the People’s"	"832"	"844"	"false"	"Y"	"poss"	"prep_of"	"prep_as"			"def"	"people"	"NNS"	"common"	"pl"	"3"	"07942152-N"	"00031264-N"	"00002137-N"		"00001740-N"	"3"	"noun.group"
"China"	"857"	"862"	"false"	"N"	"prep_of"	"prep_of"	"prep_as"			"none"	"china"	"NNP"	"proper"	"sg"	"3"					"08723006-N"	"0"	"noun.location"
"Today"	"864"	"869"	"false"	"N"	"tmod"					"none"	"today"	"NN"	"common"	"sg"	"3"	"15262921-N"	"15119536-N"	"00028270-N"	"00024264-N"	"00001740-N"	"5"	"noun.time"
"Hong Kong"	"870"	"879"	"false"	"none"	"nsubj"					"none"	"kong"	"NNP"	"proper"	"sg"	"3"							
"a capitalist enclave with its laws and rights intact"	"888"	"940"	"false"	"Y"	"xcomp"					"indef"	"enclave"	"NN"	"common"	"sg"	"3"	"08553132-N"	"08552138-N"	"08630985-N"	"00027167-N"	"00001740-N"	"6"	"noun.location"
"a capitalist enclave"	"888"	"908"	"false"	"Y"	"xcomp"					"indef"	"enclave"	"NN"	"common"	"sg"	"3"	"08553132-N"	"08552138-N"	"08630985-N"	"00027167-N"	"00001740-N"	"6"	"noun.location"
"its laws and rights intact"	"914"	"940"	"false"	"Y"	"prep_with"	"xcomp"				"def"	"law"	"NNS"	"common"	"pl"	"3"	"08441203-N"	"07951464-N"	"00031264-N"	"00002137-N"	"00001740-N"	"4"	"noun.group"
"its laws and rights"	"914"	"933"	"false"	"Y"	"prep_with"	"xcomp"				"def"	"law"	"NNS"	"common"	"pl"	"3"	"08441203-N"	"07951464-N"	"00031264-N"	"00002137-N"	"00001740-N"	"4"	"noun.group"
"China"	"946"	"951"	"false"	"N"	"nsubj"	"conj_and"				"none"	"china"	"NNP"	"proper"	"sg"	"3"					"08723006-N"	"0"	"noun.location"
"Hong Kong"	"970"	"979"	"false"	"none"	"nsubj"	"ccomp"	"conj_and"			"none"	"kong"	"NNP"	"proper"	"sg"	"3"							
"this fashion"	"997"	"1009"	"false"	"Y"	"prep_in"	"ccomp"	"conj_and"			"demon"	"fashion"	"NN"	"common"	"sg"	"3"	"04928903-N"	"04916342-N"	"00024264-N"	"00002137-N"	"00001740-N"	"4"	"noun.attribute"
"at least 50 years"	"1014"	"1031"	"true"	"Y"	"prep_for"	"ccomp"	"conj_and"			"none"	"year"	"NNS"	"common"	"pl"	"3"	"15203791-N"	"15113229-N"	"13575869-N"	"00033615-N"	"00001740-N"	"5"	"noun.time"
"Beijing’s"	"1033"	"1042"	"false"	"none"	"nsubj"					"none"	"beij"	"NNP"	"proper"	"sg"	"3"							
"policy of maintaining Hong Kong’s prosperity and stability makes sense"	"1053"	"1123"	"false"	"Y"	"dobj"					"none"	"policy"	"NN"	"common"	"sg"	"3"	"05901508-N"	"05902545-N"	"05898568-N"	"05833840-N"	"00001740-N"	"8"	"noun.cognition"
"policy"	"1053"	"1059"	"false"	"Y"	"dobj"					"none"	"policy"	"NN"	"common"	"sg"	"3"	"05901508-N"	"05902545-N"	"05898568-N"	"05833840-N"	"00001740-N"	"8"	"noun.cognition"
"Hong Kong’s prosperity and stability makes sense"	"1075"	"1123"	"false"	"N"	"dobj"	"prepc_of"	"dobj"			"none"	"prosperity"	"NN"	"common"	"sg"	"3"	"14489699-N"	"14488594-N"	"13920835-N"	"00024720-N"	"00001740-N"	"6"	"noun.state"
"Hong Kong’s prosperity and stability"	"1075"	"1111"	"false"	"N"	"dobj"	"prepc_of"	"dobj"			"none"	"prosperity"	"NN"	"common"	"sg"	"3"	"14489699-N"	"14488594-N"	"13920835-N"	"00024720-N"	"00001740-N"	"6"	"noun.state"
"Hong Kong’s"	"1075"	"1086"	"false"	"none"	"poss"	"dobj"	"prepc_of"	"dobj"		"none"	"kong"	"NNP"	"proper"	"sg"	"3"							
"sense"	"1118"	"1123"	"false"	"Y"	"dobj"	"dep"	"dobj"	"prepc_of"	"dobj"	"none"	"sense"	"NN"	"common"	"sg"	"3"	"05677504-N"	"05675905-N"	"05804793-N"	"05770664-N"	"00001740-N"	"8"	"noun.cognition"
"Hong Kong"	"1125"	"1134"	"false"	"none"	"nsubj"					"none"	"kong"	"NNP"	"proper"	"sg"	"3"							
"China’s handiest window"	"1149"	"1172"	"false"	"Y"						"none"	"window"	"NN"	"common"	"sg"	"3"	"04587648-N"	"03391770-N"	"04361095-N"	"04341686-N"	"00001740-N"	"8"	"noun.artifact"
"China’s"	"1149"	"1156"	"false"	"N"	"poss"					"none"	"china"	"NNP"	"proper"	"sg"	"3"					"08723006-N"	"0"	"noun.location"
"the West"	"1176"	"1184"	"false"	"N"	"prep_on"					"def"	"west"	"NNP"	"proper"	"sg"	"3"					"08682575-N"	"0"	"noun.location"
"the city"	"1190"	"1198"	"false"	"Y"	"nsubj"	"conj_and"				"def"	"city"	"NN"	"common"	"sg"	"3"	"08524735-N"	"08626283-N"	"08675967-N"	"08574314-N"	"00001740-N"	"8"	"noun.location"
"its commercial know-how and managerial expertise"	"1215"	"1263"	"false"	"N"	"prep_in"	"conj_and"				"def"	"know-how"	"NN"	"common"	"sg"	"3"	"05616786-N"	"05616246-N"	"00023271-N"	"00023100-N"	"00001740-N"	"5"	"noun.cognition"
"the time of the transition"	"1272"	"1298"	"false"	"Y"	"prep_around"					"def"	"time"	"NN"	"common"	"sg"	"3"	"07309599-N"	"07308889-N"	"07283608-N"	"00029378-N"	"00001740-N"	"6"	"noun.event"
"the time"	"1272"	"1280"	"false"	"Y"	"prep_around"					"def"	"time"	"NN"	"common"	"sg"	"3"	"07309599-N"	"07308889-N"	"07283608-N"	"00029378-N"	"00001740-N"	"6"	"noun.event"
"the transition"	"1284"	"1298"	"false"	"Y"	"prep_of"	"prep_around"				"def"	"transition"	"NN"	"common"	"sg"	"3"	"00201058-N"	"00199130-N"	"00191142-N"	"00037396-N"	"00001740-N"	"8"	"noun.act"
"there"	"1299"	"1304"			"expl"																	
"much speculation about how things would change"	"1309"	"1355"	"false"	"Y"	"nsubj"					"none"	"speculation"	"NN"	"common"	"sg"	"3"	"06782680-N"	"06782019-N"	"06598915-N"	"00033020-N"	"00001740-N"	"5"	"noun.communication"
"much speculation"	"1309"	"1325"	"false"	"Y"	"nsubj"					"none"	"speculation"	"NN"	"common"	"sg"	"3"	"06782680-N"	"06782019-N"	"06598915-N"	"00033020-N"	"00001740-N"	"5"	"noun.communication"
"things"	"1336"	"1342"	"true"	"Y"	"nsubj"	"prepc_about"	"nsubj"			"none"	"thing"	"NNS"	"common"	"pl"	"3"	"13943968-N"	"13927383-N"	"00024720-N"	"00024264-N"	"00001740-N"	"5"	"noun.state"
"fact"	"1364"	"1368"	"false"	"Y"	"prep_in"					"none"	"fact"	"NN"	"common"	"sg"	"3"	"05817396-N"	"05816287-N"	"00023271-N"	"00023100-N"	"00001740-N"	"5"	"noun.cognition"
"news of the handover"	"1375"	"1395"	"false"	"N"	"nsubj"	"advcl"				"none"	"news"	"NN"	"common"	"sg"	"3"	"06642138-N"	"06634376-N"	"06598915-N"	"00033020-N"	"00001740-N"	"5"	"noun.communication"
"news"	"1375"	"1379"	"false"	"N"	"nsubj"	"advcl"				"none"	"news"	"NN"	"common"	"sg"	"3"	"06642138-N"	"06634376-N"	"06598915-N"	"00033020-N"	"00001740-N"	"5"	"noun.communication"
"the handover"	"1383"	"1395"	"false"	"none"	"prep_of"	"nsubj"	"advcl"			"def"	"handover"	"NN"	"common"	"sg"	"3"	"00213186-N"	"00212808-N"	"00209943-N"	"00199130-N"	"00001740-N"	"10"	"noun.act"
"the front pages"	"1410"	"1425"	"false"	"Y"	"prep_from"	"advcl"				"def"	"page"	"NNS"	"common"	"pl"	"3"	"06256697-N"	"06256229-N"	"06255777-N"	"14974264-N"	"00001740-N"	"8"	"noun.communication"
"the people of Hong Kong"	"1427"	"1450"	"false"	"Y"	"nsubj"					"def"	"people"	"NNS"	"common"	"pl"	"3"	"07942152-N"	"00031264-N"	"00002137-N"		"00001740-N"	"3"	"noun.group"
"the people"	"1427"	"1437"	"false"	"Y"	"nsubj"					"def"	"people"	"NNS"	"common"	"pl"	"3"	"07942152-N"	"00031264-N"	"00002137-N"		"00001740-N"	"3"	"noun.group"
"Hong Kong"	"1441"	"1450"	"false"	"none"	"prep_of"	"nsubj"				"none"	"kong"	"NNP"	"proper"	"sg"	"3"							
"their usual topics of conversation: the economy and the price of housing"	"1463"	"1535"	"false"	"Y"	"prep_to"					"def"	"topic"	"NNS"	"common"	"pl"	"3"	"06599788-N"	"06598915-N"	"00033020-N"	"00002137-N"	"00001740-N"	"4"	"noun.communication"
"their usual topics of conversation"	"1463"	"1497"	"false"	"Y"	"prep_to"					"def"	"topic"	"NNS"	"common"	"pl"	"3"	"06599788-N"	"06598915-N"	"00033020-N"	"00002137-N"	"00001740-N"	"4"	"noun.communication"
"their usual topics"	"1463"	"1481"	"false"	"Y"	"prep_to"					"def"	"topic"	"NNS"	"common"	"pl"	"3"	"06599788-N"	"06598915-N"	"00033020-N"	"00002137-N"	"00001740-N"	"4"	"noun.communication"
"conversation"	"1485"	"1497"	"false"	"Y"	"prep_of"	"prep_to"				"none"	"conversation"	"NN"	"common"	"sg"	"3"	"07133701-N"	"07109196-N"	"07109019-N"	"00033020-N"	"00001740-N"	"5"	"noun.communication"
"the economy and the price of housing"	"1499"	"1535"	"false"	"Y"	"dep"	"prep_to"				"def"	"economy"	"NN"	"common"	"sg"	"3"	"08366753-N"	"08435388-N"	"00031264-N"	"00002137-N"	"00001740-N"	"4"	"noun.group"
"the economy"	"1499"	"1510"	"false"	"Y"	"dep"	"prep_to"				"def"	"economy"	"NN"	"common"	"sg"	"3"	"08366753-N"	"08435388-N"	"00031264-N"	"00002137-N"	"00001740-N"	"4"	"noun.group"
"the price of housing"	"1515"	"1535"	"false"	"Y"	"dep"	"prep_to"				"def"	"price"	"NN"	"common"	"sg"	"3"	"05145118-N"	"05138488-N"	"05138208-N"	"04723816-N"	"00001740-N"	"6"	"noun.attribute"
"the price"	"1515"	"1524"	"false"	"Y"	"dep"	"prep_to"				"def"	"price"	"NN"	"common"	"sg"	"3"	"05145118-N"	"05138488-N"	"05138208-N"	"04723816-N"	"00001740-N"	"6"	"noun.attribute"
"housing"	"1528"	"1535"	"false"	"Y"	"prep_of"	"dep"	"prep_to"			"none"	"house"	"NN"	"common"	"sg"	"3"	"03544360-N"	"03259505-N"	"03546340-N"	"04341686-N"	"00001740-N"	"8"	"noun.artifact"
"The impression of the visitor"	"1537"	"1566"	"false"	"Y"	"nsubj"					"def"	"impression"	"NN"	"common"	"sg"	"3"	"05916739-N"	"05833840-N"	"05809192-N"	"00023271-N"	"00001740-N"	"6"	"noun.cognition"
"The impression"	"1537"	"1551"	"false"	"Y"	"nsubj"					"def"	"impression"	"NN"	"common"	"sg"	"3"	"05916739-N"	"05833840-N"	"05809192-N"	"00023271-N"	"00001740-N"	"6"	"noun.cognition"
"the visitor"	"1555"	"1566"	"false"	"Y"	"prep_of"	"nsubj"				"def"	"visitor"	"NN"	"common"	"sg"	"3"	"10757193-N"	"09629752-N"	"00007846-N"	"00004475-N"	"00001740-N"	"8"	"noun.person"
"today"	"1567"	"1572"	"false"	"N"	"nsubj"					"none"	"today"	"NN"	"common"	"sg"	"3"	"15262921-N"	"15119536-N"	"00028270-N"	"00024264-N"	"00001740-N"	"5"	"noun.time"
"very little"	"1586"	"1597"	"false"	"NO-NOUN"	"nsubj"	"ccomp"				"none"	"little"	"JJ"	"unknown"	"unknown"	"3"					"01391351-A"	"0"	"adj.all"
"Establishments"	"1611"	"1625"	"true"	"Y"	"nsubjpass"					"none"	"establishment"	"NNS"	"common"	"pl"	"3"	"00237078-N"	"00235435-N"	"00199130-N"	"00191142-N"	"00001740-N"	"9"	"noun.act"
"“Royal"	"1647"	"1653"	"false"	"Y"	"xcomp"					"none"	"royal"	"NNP"	"proper"	"sg"	"3"	"04115802-N"	"04127904-N"	"03932670-N"	"03932203-N"	"00001740-N"	"7"	"noun.artifact"
"” Queen Elizabeth"	"1654"	"1671"	"false"	"none"	"nsubj"	"ccomp"				"none"	"elizabeth"	"NNP"	"proper"	"sg"	"3"					"10957748-N"	"0"	"noun.person"
"the coinage"	"1690"	"1701"	"false"	"Y"	"prep_from"	"ccomp"				"def"	"coinage"	"NN"	"common"	"sg"	"3"	"13387877-N"	"13385913-N"	"13372961-N"	"07260623-N"	"00001740-N"	"7"	"noun.possession"
"the Union Jack"	"1707"	"1721"	"false"	"Y"	"nsubjpass"	"conj_and"				"def"	"jack"	"NNP"	"proper"	"sg"	"3"	"13773047-N"	"13760316-N"	"13576355-N"	"00033615-N"	"00001740-N"	"5"	"noun.quantity"
"the flag of China and the new Hong Kong flag with its bauhinia flower"	"1743"	"1812"	"false"	"Y"	"agent"	"conj_and"				"def"	"flag"	"NN"	"common"	"sg"	"3"	"03354903-N"	"03282591-N"	"03178782-N"	"03169390-N"	"00001740-N"	"8"	"noun.artifact"
"the flag"	"1743"	"1751"	"false"	"Y"	"agent"	"conj_and"				"def"	"flag"	"NN"	"common"	"sg"	"3"	"03354903-N"	"03282591-N"	"03178782-N"	"03169390-N"	"00001740-N"	"8"	"noun.artifact"
"China and the new Hong Kong flag with its bauhinia flower"	"1755"	"1812"	"false"	"N"	"prep_of"	"agent"	"conj_and"			"none"	"china"	"NNP"	"proper"	"sg"	"3"					"08723006-N"	"0"	"noun.location"
"China"	"1755"	"1760"	"false"	"N"	"prep_of"	"agent"	"conj_and"			"none"	"china"	"NNP"	"proper"	"sg"	"3"					"08723006-N"	"0"	"noun.location"
"the new Hong Kong flag with its bauhinia flower"	"1765"	"1812"	"false"	"Y"	"conj_and"	"prep_of"	"agent"	"conj_and"		"def"	"flag"	"NN"	"common"	"sg"	"3"	"03354903-N"	"03282591-N"	"03178782-N"	"03169390-N"	"00001740-N"	"8"	"noun.artifact"
"the new Hong Kong flag"	"1765"	"1787"	"false"	"Y"	"conj_and"	"prep_of"	"agent"	"conj_and"		"def"	"flag"	"NN"	"common"	"sg"	"3"	"03354903-N"	"03282591-N"	"03178782-N"	"03169390-N"	"00001740-N"	"8"	"noun.artifact"
"its bauhinia flower"	"1793"	"1812"	"false"	"Y"	"prep_with"	"conj_and"	"prep_of"	"agent"	"conj_and"	"def"	"flower"	"NN"	"common"	"sg"	"3"	"11669921-N"	"11665372-N"	"11552386-N"	"13083586-N"	"00001740-N"	"10"	"noun.plant"
"fact"	"1821"	"1825"	"false"	"Y"	"prep_in"					"none"	"fact"	"NN"	"common"	"sg"	"3"	"05817396-N"	"05816287-N"	"00023271-N"	"00023100-N"	"00001740-N"	"5"	"noun.cognition"
"there"	"1827"	"1832"			"expl"																	
"changes"	"1843"	"1850"	"true"	"Y"						"none"	"change"	"NNS"	"common"	"pl"	"3"	"07296428-N"	"07283608-N"	"00029378-N"	"00023100-N"	"00001740-N"	"5"	"noun.event"
"many of them"	"1852"	"1864"	"false"	"NO-NOUN"	"nsubj"	"xcomp"				"none"	"many"	"JJ"	"unknown"	"unknown"	"3"					"01551633-A"	"0"	"adj.all"
"many"	"1852"	"1856"	"false"	"NO-NOUN"	"nsubj"	"xcomp"				"none"	"many"	"JJ"	"unknown"	"unknown"	"3"					"01551633-A"	"0"	"adj.all"
"them"	"1860"	"1864"	"false"	"NO-NOUN"	"prep_of"	"nsubj"	"xcomp"			"none"	"them"	"PRP"	"pronoun"	"pl"	"3"							
"economic progress, new construction, and other factors that influence cities all over the world"	"1872"	"1967"	"false"	"Y"	"prep_to"	"xcomp"				"none"	"progress"	"NN"	"common"	"sg"	"3"	"00249501-N"	"00250259-N"	"00248977-N"	"00199130-N"	"00001740-N"	"10"	"noun.act"
"economic progress"	"1872"	"1889"	"false"	"Y"	"prep_to"	"xcomp"				"none"	"progress"	"NN"	"common"	"sg"	"3"	"00249501-N"	"00250259-N"	"00248977-N"	"00199130-N"	"00001740-N"	"10"	"noun.act"
"new construction"	"1891"	"1907"	"false"	"Y"	"conj_and"	"prep_to"	"xcomp"			"none"	"construction"	"NN"	"common"	"sg"	"3"	"00911048-N"	"00908909-N"	"00908492-N"	"00407535-N"	"00001740-N"	"8"	"noun.act"
"other factors that influence cities all over the world"	"1913"	"1967"			"rcmod"	"conj_and"	"prep_to"	"xcomp"								"02536557-V"	"00137313-V"			"00126264-V"	"2"	"verb.social"
"other factors"	"1913"	"1926"	"true"	"Y"	"conj_and"	"prep_to"	"xcomp"			"none"	"factor"	"NNS"	"common"	"pl"	"3"	"07327805-N"	"07326557-N"	"07323922-N"	"07290905-N"	"00001740-N"	"8"	"noun.event"
"cities"	"1942"	"1948"	"true"	"Y"	"dobj"	"rcmod"	"conj_and"	"prep_to"	"xcomp"	"none"	"city"	"NNS"	"common"	"pl"	"3"	"08524735-N"	"08626283-N"	"08675967-N"	"08574314-N"	"00001740-N"	"8"	"noun.location"
"the world"	"1958"	"1967"	"false"	"Y"	"prep_over"	"rcmod"	"conj_and"	"prep_to"	"xcomp"	"def"	"world"	"NN"	"common"	"sg"	"3"	"09466280-N"	"00019128-N"	"00003553-N"	"00002684-N"	"00001740-N"	"5"	"noun.object"
"Others"	"1969"	"1975"	"true"	"none"	"nsubj"					"none"	"other"	"NNS"	"common"	"pl"	"3"							
"British social customs"	"1993"	"2015"	"true"	"Y"	"nsubj"					"none"	"custom"	"NNS"	"common"	"pl"	"3"	"00413239-N"	"00410247-N"	"00407535-N"	"00030358-N"	"00001740-N"	"7"	"noun.act"
"the kind of polite service you get in hotels"	"2037"	"2081"	"false"	"Y"	"prep_in"					"def"	"kind"	"NN"	"common"	"sg"	"3"	"05839024-N"	"05838765-N"	"05835747-N"	"05833840-N"	"00001740-N"	"8"	"noun.cognition"
"the kind"	"2037"	"2045"	"false"	"Y"	"prep_in"					"def"	"kind"	"NN"	"common"	"sg"	"3"	"05839024-N"	"05838765-N"	"05835747-N"	"05833840-N"	"00001740-N"	"8"	"noun.cognition"
"polite service you get in hotels"	"2049"	"2081"	"false"	"Y"	"prep_of"	"prep_in"				"none"	"service"	"NN"	"common"	"sg"	"3"	"00577525-N"	"00575741-N"	"00407535-N"	"00030358-N"	"00001740-N"	"7"	"noun.act"
"polite service"	"2049"	"2063"	"false"	"Y"	"prep_of"	"prep_in"				"none"	"service"	"NN"	"common"	"sg"	"3"	"00577525-N"	"00575741-N"	"00407535-N"	"00030358-N"	"00001740-N"	"7"	"noun.act"
"you"	"2064"	"2067"	"false"	"NO-NOUN"	"nsubj"	"rcmod"	"prep_of"	"prep_in"		"none"	"you"	"PRP"	"pronoun"	"unknown"	"2"							
"hotels"	"2075"	"2081"	"true"	"Y"	"prep_in"	"rcmod"	"prep_of"	"prep_in"		"none"	"hotel"	"NNS"	"common"	"pl"	"3"	"03542333-N"	"02913152-N"	"04341686-N"	"00021939-N"	"00001740-N"	"7"	"noun.artifact"
"the long lines of people waiting for buses at rush hour"	"2089"	"2144"	"false"	"Y"	"conj_and"	"prep_in"				"def"	"line"	"NNS"	"common"	"pl"	"3"	"08430568-N"	"08426461-N"	"07938773-N"	"00031264-N"	"00001740-N"	"5"	"noun.group"
"the long lines"	"2089"	"2103"	"false"	"Y"	"conj_and"	"prep_in"				"def"	"line"	"NNS"	"common"	"pl"	"3"	"08430568-N"	"08426461-N"	"07938773-N"	"00031264-N"	"00001740-N"	"5"	"noun.group"
"people waiting for buses at rush hour"	"2107"	"2144"	"true"	"Y"	"prep_of"	"conj_and"	"prep_in"			"none"	"people"	"NNS"	"common"	"pl"	"3"	"07942152-N"	"00031264-N"	"00002137-N"		"00001740-N"	"3"	"noun.group"
"people"	"2107"	"2113"	"true"	"Y"	"prep_of"	"conj_and"	"prep_in"			"none"	"people"	"NNS"	"common"	"pl"	"3"	"07942152-N"	"00031264-N"	"00002137-N"		"00001740-N"	"3"	"noun.group"
"buses"	"2126"	"2131"	"true"	"Y"	"prep_for"	"vmod"	"prep_of"	"conj_and"	"prep_in"	"none"	"bus"	"NNS"	"common"	"pl"	"3"	"02924116-N"	"04019101-N"	"03100490-N"	"03575240-N"	"00001740-N"	"8"	"noun.artifact"
"rush hour"	"2135"	"2144"	"false"	"Y"	"prep_at"	"vmod"	"prep_of"	"conj_and"	"prep_in"	"none"	"hour"	"NN"	"common"	"sg"	"3"	"15227846-N"	"15154774-N"	"00033615-N"	"00002137-N"	"00001740-N"	"4"	"noun.time"
"The British population"	"2146"	"2168"	"false"	"Y"	"nsubj"					"def"	"population"	"NN"	"common"	"sg"	"3"	"08179879-N"	"07942152-N"	"00031264-N"	"00002137-N"	"00001740-N"	"4"	"noun.group"
"today"	"2184"	"2189"	"false"	"N"	"tmod"	"parataxis"				"none"	"today"	"NN"	"common"	"sg"	"3"	"15262921-N"	"15119536-N"	"00028270-N"	"00024264-N"	"00001740-N"	"5"	"noun.time"
"there"	"2190"	"2195"			"expl"	"parataxis"																
"as many American and Australian ex-pats as there are British"	"2200"	"2260"	"true"	"none"	"nsubj"	"parataxis"				"none"	"ex-pat"	"NNS"	"common"	"pl"	"3"							
"as many American and Australian ex-pats"	"2200"	"2239"	"true"	"none"	"nsubj"	"parataxis"				"none"	"ex-pat"	"NNS"	"common"	"pl"	"3"							
"there"	"2243"	"2248"			"expl"	"dep"	"nsubj"	"parataxis"														
"a population of nearly eight million and a total area of just over 1,095 square km (423 square miles)"	"2267"	"2368"	"false"	"Y"	"prep_with"					"indef"	"population"	"NN"	"common"	"sg"	"3"	"08179879-N"	"07942152-N"	"00031264-N"	"00002137-N"	"00001740-N"	"4"	"noun.group"
"a population of nearly eight million"	"2267"	"2303"	"false"	"Y"	"prep_with"					"indef"	"population"	"NN"	"common"	"sg"	"3"	"08179879-N"	"07942152-N"	"00031264-N"	"00002137-N"	"00001740-N"	"4"	"noun.group"
"a population"	"2267"	"2279"	"false"	"Y"	"prep_with"					"indef"	"population"	"NN"	"common"	"sg"	"3"	"08179879-N"	"07942152-N"	"00031264-N"	"00002137-N"	"00001740-N"	"4"	"noun.group"
"nearly eight million"	"2283"	"2303"	"false"	"NO-NOUN"	"prep_of"	"prep_with"				"none"	"million"	"CD"	"unknown"	"unknown"	"3"							
"a total area of just over 1,095 square km (423 square miles)"	"2308"	"2368"	"false"	"Y"	"conj_and"	"prep_with"				"indef"	"area"	"NN"	"common"	"sg"	"3"	"08497294-N"	"08630985-N"	"00027167-N"	"00002684-N"	"00001740-N"	"5"	"noun.location"
"a total area"	"2308"	"2320"	"false"	"Y"	"conj_and"	"prep_with"				"indef"	"area"	"NN"	"common"	"sg"	"3"	"08497294-N"	"08630985-N"	"00027167-N"	"00002684-N"	"00001740-N"	"5"	"noun.location"
"just over 1,095 square km (423 square miles)"	"2324"	"2368"	"true"	"none"	"prep_of"	"conj_and"	"prep_with"			"none"	"km"	"NNS"	"common"	"pl"	"3"	"13659760-N"	"13649268-N"	"13603305-N"	"13583724-N"	"00001740-N"	"7"	"noun.quantity"
"just over 1,095 square km"	"2324"	"2349"	"true"	"none"	"prep_of"	"conj_and"	"prep_with"			"none"	"km"	"NNS"	"common"	"pl"	"3"	"13659760-N"	"13649268-N"	"13603305-N"	"13583724-N"	"00001740-N"	"7"	"noun.quantity"
"423 square miles"	"2351"	"2367"	"true"	"Y"	"appos"	"prep_of"	"conj_and"	"prep_with"		"none"	"mile"	"NNS"	"common"	"pl"	"3"	"13651218-N"	"13603305-N"	"13583724-N"	"13576101-N"	"00001740-N"	"6"	"noun.quantity"
"housing"	"2370"	"2377"	"false"	"Y"	"nsubj"					"none"	"house"	"NN"	"common"	"sg"	"3"	"03544360-N"	"03259505-N"	"03546340-N"	"04341686-N"	"00001740-N"	"8"	"noun.artifact"
"one of Hong Kong’s perennial nightmares"	"2381"	"2420"	"false"	"NO-NOUN"						"none"	"one"	"CD"	"unknown"	"sg"	"3"							
"one"	"2381"	"2384"	"false"	"NO-NOUN"						"none"	"one"	"CD"	"unknown"	"sg"	"3"							
"Hong Kong’s perennial nightmares"	"2388"	"2420"	"false"	"Y"	"prep_of"					"none"	"nightmare"	"NNS"	"common"	"pl"	"3"	"13936676-N"	"14411243-N"	"14408086-N"	"13920835-N"	"00001740-N"	"7"	"noun.state"
"Hong Kong’s"	"2388"	"2399"	"false"	"none"	"poss"	"prep_of"				"none"	"kong"	"NNP"	"proper"	"sg"	"3"							
"the problem"	"2435"	"2446"	"false"	"Y"	"dobj"	"advcl"				"def"	"problem"	"NN"	"common"	"sg"	"3"	"14410605-N"	"14408086-N"	"13920835-N"	"00024720-N"	"00001740-N"	"6"	"noun.state"
"the government"	"2448"	"2462"	"false"	"Y"	"nsubj"					"def"	"government"	"NN"	"common"	"sg"	"3"	"08050678-N"	"08050385-N"	"08008335-N"	"07950920-N"	"00001740-N"	"6"	"noun.group"
"the city’s major landlord with the construction of massive apartment blocks that, though they have every modern facility, average only 9 square m (100 square ft) in size"	"2474"	"2643"	"false"	"Y"	"xcomp"					"none"	"landlord"	"NN"	"common"	"sg"	"3"	"10245236-N"	"10245639-N"	"10180178-N"	"10389398-N"	"00001740-N"	"10"	"noun.person"
"the city’s major landlord"	"2474"	"2499"	"false"	"Y"	"xcomp"					"none"	"landlord"	"NN"	"common"	"sg"	"3"	"10245236-N"	"10245639-N"	"10180178-N"	"10389398-N"	"00001740-N"	"10"	"noun.person"
"the city’s"	"2474"	"2484"	"false"	"Y"	"poss"	"xcomp"				"def"	"city"	"NN"	"common"	"sg"	"3"	"08524735-N"	"08626283-N"	"08675967-N"	"08574314-N"	"00001740-N"	"8"	"noun.location"
"the construction of massive apartment blocks"	"2505"	"2549"	"false"	"Y"	"prep_with"	"xcomp"				"def"	"construction"	"NN"	"common"	"sg"	"3"	"00911048-N"	"00908909-N"	"00908492-N"	"00407535-N"	"00001740-N"	"8"	"noun.act"
"the construction"	"2505"	"2521"	"false"	"Y"	"prep_with"	"xcomp"				"def"	"construction"	"NN"	"common"	"sg"	"3"	"00911048-N"	"00908909-N"	"00908492-N"	"00407535-N"	"00001740-N"	"8"	"noun.act"
"massive apartment blocks"	"2525"	"2549"	"true"	"Y"	"prep_of"	"prep_with"	"xcomp"			"none"	"block"	"NNS"	"common"	"pl"	"3"	"02852523-N"	"00021939-N"	"00003553-N"	"00002684-N"	"00001740-N"	"5"	"noun.artifact"
"they"	"2563"	"2567"	"false"	"NO-NOUN"	"nsubj"	"advcl"	"dep"	"xcomp"		"none"	"they"	"PRP"	"pronoun"	"pl"	"3"							
"every modern facility"	"2573"	"2594"	"false"	"Y"	"dobj"	"advcl"	"dep"	"xcomp"		"def"	"facility"	"NN"	"common"	"sg"	"3"	"03315023-N"	"00021939-N"	"00003553-N"	"00002684-N"	"00001740-N"	"5"	"noun.artifact"
"only 9 square m (100 square ft) in size"	"2604"	"2643"	"true"	"Y"	"dobj"	"dep"	"xcomp"			"none"	"m"	"NNS"	"common"	"pl"	"3"	"13659162-N"	"13649268-N"	"13603305-N"	"13583724-N"	"00001740-N"	"7"	"noun.quantity"
"only 9 square m"	"2604"	"2619"	"true"	"Y"	"dobj"	"dep"	"xcomp"			"none"	"m"	"NNS"	"common"	"pl"	"3"	"13659162-N"	"13649268-N"	"13603305-N"	"13583724-N"	"00001740-N"	"7"	"noun.quantity"
"100 square ft"	"2621"	"2634"	"false"	"none"	"appos"	"dobj"	"dep"	"xcomp"		"none"	"ft"	"NN"	"common"	"sg"	"3"	"13650045-N"	"13603305-N"	"13583724-N"	"13576101-N"	"00001740-N"	"6"	"noun.quantity"
"size"	"2639"	"2643"	"false"	"Y"	"prep_in"	"dobj"	"dep"	"xcomp"		"none"	"size"	"NN"	"common"	"sg"	"3"	"05098942-N"	"05090441-N"	"04916342-N"	"00024264-N"	"00001740-N"	"5"	"noun.attribute"
"Whole cities"	"2645"	"2657"	"true"	"Y"	"nsubjpass"					"none"	"city"	"NNS"	"common"	"pl"	"3"	"08524735-N"	"08626283-N"	"08675967-N"	"08574314-N"	"00001740-N"	"8"	"noun.location"
"the New Territories"	"2679"	"2698"	"false"	"Y"	"prep_in"					"def"	"territory"	"NNP"	"proper"	"sg"	"3"	"08552138-N"	"08630985-N"	"00027167-N"	"00002684-N"	"00001740-N"	"5"	"noun.location"
"the unimaginative architecture of these towns"	"2709"	"2754"	"false"	"N"	"nsubjpass"	"advcl"				"def"	"architecture"	"NN"	"common"	"sg"	"3"	"02734725-N"	"02913152-N"	"04341686-N"	"00021939-N"	"00001740-N"	"7"	"noun.artifact"
"the unimaginative architecture"	"2709"	"2739"	"false"	"N"	"nsubjpass"	"advcl"				"def"	"architecture"	"NN"	"common"	"sg"	"3"	"02734725-N"	"02913152-N"	"04341686-N"	"00021939-N"	"00001740-N"	"7"	"noun.artifact"
"these towns"	"2743"	"2754"	"false"	"Y"	"prep_of"	"nsubjpass"	"advcl"			"demon"	"town"	"NNS"	"common"	"pl"	"3"	"08665504-N"	"08626283-N"	"08675967-N"	"08574314-N"	"00001740-N"	"8"	"noun.location"
"Hong Kong’s population"	"2779"	"2801"	"false"	"Y"	"prep_of"					"none"	"population"	"NN"	"common"	"sg"	"3"	"08179879-N"	"07942152-N"	"00031264-N"	"00002137-N"	"00001740-N"	"4"	"noun.group"
"98 percent"	"2803"	"2813"	"false"	"Y"	"nsubj"					"none"	"percent"	"NN"	"common"	"sg"	"3"	"13817526-N"	"13815742-N"	"13824815-N"	"13819207-N"	"00001740-N"	"7"	"noun.relation"
"Chinese"	"2818"	"2825"	"true"	"none"						"none"	"chinese"	"NNPS"	"proper"	"pl"	"3"	"06929742-N"	"06929618-N"	"06930934-N"	"06904171-N"	"00001740-N"	"7"	"noun.communication"
"The majority"	"2827"	"2839"	"false"	"Y"	"nsubj"					"def"	"majority"	"NN"	"common"	"sg"	"3"	"05122557-N"	"05121418-N"	"05107765-N"	"05090441-N"	"00001740-N"	"7"	"noun.attribute"
"Cantonese, born in Hong Kong"	"2844"	"2872"	"false"	"none"						"none"	"cantonese"	"NN"	"common"	"sg"	"3"	"06930427-N"	"06929742-N"	"06929618-N"	"06930934-N"	"00001740-N"	"8"	"noun.communication"
"Cantonese"	"2844"	"2853"	"false"	"none"						"none"	"cantonese"	"NN"	"common"	"sg"	"3"	"06930427-N"	"06929742-N"	"06929618-N"	"06930934-N"	"00001740-N"	"8"	"noun.communication"
"Hong Kong"	"2863"	"2872"	"false"	"none"	"prep_in"	"vmod"				"none"	"kong"	"NNP"	"proper"	"sg"	"3"							
"South China"	"2882"	"2893"	"false"	"N"	"pobj"	"conj_or"				"none"	"china"	"NNP"	"proper"	"sg"	"3"					"08723006-N"	"0"	"noun.location"
"there"	"2899"	"2904"			"expl"	"conj_but"																
"immigrants from all over China"	"2909"	"2939"	"true"	"Y"	"nsubj"	"conj_but"				"none"	"immigrant"	"NNS"	"common"	"pl"	"3"	"10199489-N"	"10314952-N"	"09629752-N"	"00007846-N"	"00001740-N"	"9"	"noun.person"
"immigrants"	"2909"	"2919"	"true"	"Y"	"nsubj"	"conj_but"				"none"	"immigrant"	"NNS"	"common"	"pl"	"3"	"10199489-N"	"10314952-N"	"09629752-N"	"00007846-N"	"00001740-N"	"9"	"noun.person"
"all over China"	"2925"	"2939"	"false"	"NO-NOUN"	"prep_from"	"nsubj"	"conj_but"			"none"	"all"	"DT"	"pronoun"	"unknown"	"3"							
"all"	"2925"	"2928"	"false"	"NO-NOUN"	"prep_from"	"nsubj"	"conj_but"			"none"	"all"	"DT"	"pronoun"	"unknown"	"3"							
"China"	"2934"	"2939"	"false"	"N"	"prep_over"	"prep_from"	"nsubj"	"conj_but"		"none"	"china"	"NNP"	"proper"	"sg"	"3"					"08723006-N"	"0"	"noun.location"
"This text"	"2942"	"2951"	"false"	"Y"	"nsubj"					"demon"	"text"	"NN"	"common"	"sg"	"3"	"06387980-N"	"06365467-N"	"06362953-N"	"06349220-N"	"00001740-N"	"6"	"noun.communication"
"MASC"	"2960"	"2964"	"false"	"none"	"prep_from"					"none"	"masc"	"NNP"	"proper"	"sg"	"3"							
